helmet,label
110,1
111,0
112,0
113,0
114,0
115,0
116,0
117,0
118,0
119,0
120,0
121,0
122,0
123,0
124,0
125,0
127,0
128,0
129,0
130,0
131,0
132,0
133,0
134,0
135,0
136,0
137,0
138,0
139,0
140,0
141,0
142,0
143,0
144,0
145,0
146,0
147,0
148,0
149,0
150,0
151,0
152,0
153,0
154,0
155,0
156,0
157,0
158,0
159,0
160,0
161,0
162,0
163,0
166,0
167,0
168,0
169,0
170,0
171,0
172,0
173,0
174,0
175,0
176,0
177,0
178,0
179,0
180,0
181,0
182,0
183,0
184,0
185,0
186,0
187,0
188,0
189,0
190,0
191,0
192,0
193,0
194,0
195,0
196,0
197,0
198,0
199,0
200,0
201,0
202,0
203,0
204,0
205,0
206,0
207,0
208,0
209,0
210,0
211,0
212,0
213,0
215,0
216,0
217,0
218,0
219,0
220,0
221,0
222,0
223,0
331,0
332,0
333,0
334,0
abc,0
abd,1
abe,1
abf,1
abg,0
abh,0
abi,1
abm,0
abn,0
images (324),1
images (325),1
images (326),1
images (327),0
images (328),1
images (329),1
images (330),1
images (332),1
images (333),0
images (334),1
images (335),0
images (336),0
images (337),1
images (338),1
images (339),1
images (340),1
images (341),1
images (342),0
images (343),1
images (344),1
images (345),1
images (346),0
images (348),1
images (349),1
images (350),1
images (351),1
images (352),1
images (353),1
images (354),1
images (355),0
images (356),1
images (357),1
images (358),0
images (359),1
images (360),0
images (361),1
images (362),0
images (363),1
images (364),1
images (365),1
images (366),1
images (367),1
images (368),1
images (369),1
images (370),1
images (371),0
images (372),1
images (373),1
images (374),0
images (375),1
images (376),1
images (377),1
images (378),0
images (379),1
images (380),1
images (381),1
images (382),1
images (383),1
images (384),1
images (385),1
images (386),1
images (387),1
images (388),1
images (389),0
images (390),1
images (391),1
images (392),1
images (394),1
images (395),1
images (396),1
images (397),1
images (398),0
images (399),0
images (400),1
images (401),1
images (402),0
images (403),1
images,1
wGcdyThoDaV1gAAAABJRU5ErkJggg==,1
Z (1),0
Z (10),1
Z (11),0
Z (12),1
Z (13),1
Z (14),0
Z (15),1
Z (16),1
Z (17),1
Z (18),1
Z (19),1
Z (2),1
Z (20),1
Z (3),0
Z (4),1
Z (5),1
Z (6),1
Z (7),1
Z (8),1
Z (9),1
Z,0
